"","chemistry_w","chemistry_f","diy_w","diy_f","electronics_w","electronics_f","english_w","english_f","eosio_w","eosio_f","esperanto_w","esperanto_f","ethereum_w","ethereum_f","expatriates_w","expatriates_f","expressionengine_w","expressionengine_f","fitness_w","fitness_f","freelancing_w","freelancing_f","french_w","french_f","gamedev_w","gamedev_f","gardening_w","gardening_f","genealogy_w","genealogy_f","german_w","german_f","gis_w","gis_f","graphicdesign_w","graphicdesign_f","ham_w","ham_f","hardwarerecs_w","hardwarerecs_f","health_w","health_f","hermeneutics_w","hermeneutics_f","hinduism_w","hinduism_f","history_w","history_f","homebrew_w","homebrew_f","hsm_w","hsm_f","interpersonal_w","interpersonal_f","iota_w","iota_f","islam_w","islam_f","italian_w","italian_f","japanese_w","japanese_f","joomla_w","joomla_f","judaism_w","judaism_f","korean_w","korean_f","languagelearning_w","languagelearning_f","latin_w","latin_f","law_w","law_f","lifehacks_w","lifehacks_f","linguistics_w","linguistics_f","literature_w","literature_f","magento_w","magento_f","martialarts_w","martialarts_f","materials_w","materials_f","math_w","math_f","matheducators_w","matheducators_f","mathematica_w","mathematica_f","mechanics_w","mechanics_f","moderators_w","moderators_f","money_w","money_f","movies_w","movies_f","music_w","music_f","musicfans_w","musicfans_f","mythology_w","mythology_f"
"1","can",55245,"wire",116325,"use",159145,"use",133443,"can",3276,"la",7632,"contract",71560,"can",12962,"use",21717,"can",25330,"client",9751,"de",85417,"game",131841,"plant",52489,"record",11448,"die",52983,"use",215293,"use",77696,"antenna",15416,"good",6420,"can",10925,"god",78209,"god",24473,"war",22950,"beer",16884,"use",4479,"can",24030,"transaction",3108,"allah",31563,"di",16465,"use",45270,"joomla",13178,"one",54635,"use",3885,"language",7196,"latin",11205,"law",42305,"use",11301,"language",31190,"book",7006,"use",118646,"can",8903,"use",4958,"x",144403,"student",18336,"use",153235,"car",47731,"user",4060,"can",83628,"movie",28391,"play",84803,"song",5151,"god",3651
"2","use",46643,"can",103095,"can",133866,"word",95703,"use",2911,"esperanto",3526,"can",55062,"country",10890,"can",12688,"muscle",23749,"work",9344,"le",54673,"use",113799,"can",27418,"name",7607,"der",47007,"can",128014,"can",67008,"use",11320,"use",5991,"use",7505,"jesus",49336,"one",21074,"one",20197,"use",14156,"theory",4065,"people",22712,"node",1497,"say",25341,"che",11294,"japanese",27962,"use",12180,"say",49229,"korean",3228,"learn",5153,"use",8319,"can",37098,"can",10260,"word",17535,"story",6064,"magento",112344,"good",7832,"can",4532,"1",134337,"can",12090,"can",123592,"can",38935,"community",3112,"good",77213,"film",23516,"can",75592,"music",4039,"one",2851
"3","electron",42003,"use",96255,"voltage",123462,"mean",76677,"eos",2824,"use",3186,"use",49340,"will",10404,"template",12108,"exercise",21855,"can",6058,"la",50656,"can",97325,"good",25497,"may",7192,"ist",38805,"datum",104909,"good",52479,"can",10195,"can",5357,"study",6887,"one",39519,"lord",19094,"good",19041,"good",13038,"one",3410,"do",21808,"address",1349,"quran",22126,"la",9509,"can",26324,"can",10624,"can",29564,"mean",2375,"use",3050,"word",7388,"use",31001,"will",7065,"use",14008,"one",5453,"can",107827,"train",6912,"energy",2680,"can",123547,"one",10285,"function",97122,"get",35429,"can",2645,"money",72765,"one",22054,"string",68440,"can",2229,"story",2123
"4","one",38648,"will",85868,"current",114917,"one",72483,"contract",2515,"mi",3001,"ethereum",38953,"get",9192,"field",11329,"good",20788,"will",5657,"et",34309,"good",66195,"soil",23972,"family",6673,"das",36352,"map",88812,"design",43185,"frequency",7950,"one",4197,"good",6204,"word",34749,"also",16927,"use",17876,"yeast",11588,"first",3183,"good",20753,"iota",1346,"one",19538,"il",9140,"mean",24756,"file",7691,"will",27279,"word",2230,"can",2780,"example",4984,"state",28945,"good",6077,"can",13305,"write",4941,"product",101339,"art",6485,"one",2277,"0",112501,"good",9610,"mathematica",68513,"engine",32990,"moderator",2210,"pay",68524,"see",21016,"use",61423,"like",2125,"myth",2030
"5","bond",37084,"one",72956,"will",105517,"can",68780,"account",2214,"de",2637,"transaction",32505,"us",8711,"entry",10474,"will",19868,"project",5078,"que",32178,"make",61250,"grow",22863,"can",6278,"und",34525,"good",82488,"image",40240,"radio",7532,"will",3985,"may",5054,"say",32543,"will",15323,"time",16951,"can",10872,"time",3057,"will",19863,"use",1336,"prophet",18248,"e",8544,"word",22976,"will",6356,"answer",25119,"can",1973,"word",2691,"one",4748,"may",27446,"work",5583,"one",12372,"read",4701,"file",87508,"will",6197,"good",1966,"2",88486,"use",8451,"like",61797,"will",29505,"site",1880,"get",60621,"make",19931,"guitar",55756,"one",2050,"also",1929
"6","will",35321,"need",67742,"circuit",90355,"say",62946,"will",1663,"estas",2471,"will",28986,"work",8013,"need",9811,"run",19046,"time",4878,"en",31202,"get",58196,"will",21750,"use",5551,"ich",32590,"get",78352,"color",37855,"good",7194,"need",3814,"cause",5509,"see",29598,"can",13843,"state",15773,"bottle",9763,"know",2970,"like",19173,"can",1317,"muslim",17210,"un",7136,"like",21474,"module",5972,"good",23256,"example",1673,"good",2173,"can",4577,"court",25915,"get",5059,"english",11153,"make",4588,"add",74724,"get",5978,"method",1935,"n",80043,"course",7914,"example",58895,"good",26031,"good",1632,"will",56263,"think",19085,"good",48507,"record",1926,"say",1788
"7","reaction",34109,"switch",64123,"power",81052,"example",59237,"transaction",1580,"word",2355,"block",27045,"need",7798,"like",9237,"get",18225,"good",4652,"un",29646,"like",56196,"water",20893,"information",5103,"es",27416,"will",74189,"will",34880,"will",6747,"get",3459,"will",5021,"will",27737,"say",12884,"people",14955,"get",9361,"can",2928,"may",18550,"will",1189,"islam",16409,"non",6726,"say",20511,"site",5718,"make",22162,"like",1420,"english",1910,"mean",4394,"case",24368,"water",4731,"example",9704,"good",4488,"will",69910,"use",5660,"calculation",1905,"b",75741,"question",7128,"will",56331,"use",24284,"post",1581,"tax",53488,"scene",18614,"note",45901,"use",1737,"good",1699
"8","water",32496,"good",60941,"need",69849,"sentence",56673,"block",1461,"can",1996,"address",25572,"may",7217,"ee",8750,"weight",17159,"get",4457,"est",28531,"will",54282,"use",20009,"find",4938,"use",25039,"like",70885,"make",33102,"one",6240,"like",3262,"also",4983,"use",26078,"shiva",12212,"also",14198,"brew",8711,"work",2838,"say",17927,"tangle",875,"can",15665,"per",6105,"one",18550,"user",5543,"know",21248,"one",1390,"one",1706,"like",4145,"legal",22850,"make",4547,"like",8763,"say",4387,"work",63961,"one",5445,"system",1839,"use",71716,"problem",6896,"one",54614,"one",22694,"will",1529,"credit",50602,"can",18086,"will",42904,"good",1660,"know",1675
"9","energy",30727,"get",58032,"output",64694,"like",54044,"action",1443,"en",1928,"geth",24067,"visa",6862,"channel",8406,"body",16271,"do",4245,"les",27391,"one",52498,"get",18546,"one",4539,"german",22869,"work",68956,"like",32105,"signal",5618,"look",3155,"one",4880,"mean",24845,"know",11708,"country",13465,"make",8139,"also",2618,"make",17441,"one",696,"will",14770,"si",5881,"example",16670,"need",5337,"torah",20649,"say",1348,"will",1634,"et",3923,"will",21700,"one",4317,"also",8066,"know",4259,"module",61455,"technique",5245,"model",1752,"one",68756,"example",6614,"list",53196,"go",21756,"do",1452,"year",48413,"time",17699,"sound",41281,"find",1559,"greek",1645
"10","molecule",28946,"just",55172,"one",60813,"good",51590,"get",1302,"kaj",1745,"account",22987,"one",6654,"work",8175,"work",15119,"may",3958,"une",26070,"need",50927,"tree",17676,"will",4197,"nicht",21448,"arcgis",67238,"look",31097,"may",5203,"im",2999,"effect",4691,"man",23923,"krishna",11073,"make",12919,"will",7907,"century",2486,"time",16793,"seed",600,"hadith",13982,"una",4697,"form",15850,"like",5190,"day",20085,"sentence",1190,"speak",1610,"also",3839,"contract",20432,"do",4010,"good",7505,"time",4197,"page",59055,"martial",4868,"material",1661,"set",66065,"teach",6490,"code",51573,"may",20883,"may",1416,"make",46462,"show",17224,"one",39210,"album",1506,"mythology",1597
"11","good",27830,"water",53060,"input",56527,"may",49173,"token",1279,"one",1677,"blockchain",21772,"tax",6143,"page",8005,"time",14425,"need",3599,"pa",25120,"work",49447,"year",16940,"source",4029,"im",20175,"point",65781,"work",30382,"make",4843,"also",2844,"blood",4529,"come",23301,"like",10668,"know",12394,"just",7288,"see",2400,"ask",16403,"wallet",599,"good",13224,"o",4029,"also",15036,"work",5071,"see",19587,"good",1054,"also",1445,"good",3685,"make",19554,"try",3784,"may",7156,"work",4137,"code",56864,"go",4518,"structure",1620,"let",63527,"mathematics",6291,"work",50382,"time",20094,"make",1401,"one",44417,"just",16869,"get",37567,"know",1463,"source",1544
"12","two",26919,"go",51599,"signal",53363,"english",46377,"need",1186,"ne",1499,"gas",20649,"year",5711,"will",7908,"workout",14048,"make",3484,"je",23798,"do",48170,"may",16279,"good",3911,"ein",19102,"need",64231,"layer",29585,"power",4604,"usb",2788,"food",4434,"can",22615,"vishnu",10336,"empire",12073,"like",7018,"make",2269,"get",16047,"network",578,"god",12677,"use",3763,"think",14098,"article",4980,"time",19157,"verb",996,"read",1364,"see",3556,"one",18806,"may",3652,"two",6969,"think",4055,"need",54494,"may",4424,"also",1560,"y",61164,"think",6129,"way",49387,"oil",19574,"get",1346,"use",42883,"good",16396,"chord",35916,"sound",1414,"make",1514
"13","atom",25971,"may",50321,"get",51648,"think",43270,"key",1132,"language",1475,"run",19709,"also",5268,"site",7760,"use",13618,"pay",3180,"dans",22879,"time",46767,"like",15470,"know",3777,"auch",18097,"one",62833,"one",28784,"get",4424,"want",2718,"time",4273,"make",21999,"mean",10020,"even",11774,"water",6818,"find",2206,"just",15787,"get",557,"people",12259,"come",3595,"just",13281,"extension",4905,"use",18814,"sound",989,"study",1345,"form",3383,"question",17871,"just",3504,"different",6695,"can",3993,"like",52247,"do",4302,"dft",1511,"function",59396,"time",6019,"good",48557,"just",18849,"people",1335,"go",41401,"like",16122,"time",34565,"band",1383,"can",1478
"14","acid",24901,"like",49195,"high",50232,"know",41265,"create",1121,"mean",1334,"need",18839,"citizen",4990,"tag",7626,"fat",12940,"contract",3061,"des",21438,"want",45275,"leave",14621,"birth",3635,"zu",17534,"file",61453,"get",27990,"band",4181,"card",2627,"get",3695,"also",21388,"give",9706,"can",11445,"hop",6381,"good",2133,"person",15349,"send",510,"know",11946,"con",3391,"good",12796,"template",4820,"people",18378,"make",927,"know",1266,"say",3251,"us",17273,"also",3425,"question",6483,"also",3898,"fix",50206,"make",4157,"functional",1467,"give",57082,"class",5914,"get",47389,"do",18340,"question",1187,"do",39801,"get",15679,"like",33513,"play",1331,"see",1436
"15","form",24283,"do",47806,"good",48933,"also",39336,"like",1110,"good",1300,"get",18243,"live",4856,"get",7370,"day",12498,"business",2876,"qui",20630,"just",43885,"garden",13925,"make",3555,"eine",16958,"layer",59970,"photoshop",27013,"need",3977,"work",2559,"body",3982,"good",20984,"time",9405,"world",11235,"do",6138,"give",2058,"want",14779,"hash",492,"also",11427,"del",3281,"verb",12421,"page",4728,"may",17860,"also",915,"may",1249,"may",3169,"work",16721,"like",3294,"linguistic",6348,"use",3821,"get",48482,"time",4038,"will",1418,"find",55227,"may",5821,"want",46515,"make",17894,"one",1134,"rate",38554,"know",15258,"music",32466,"make",1301,"like",1412
"16","chemical",23794,"breaker",46887,"work",47739,"something",38214,"ram",1088,"say",1230,"node",17885,"good",4673,"im",7120,"also",12285,"want",2809,"pour",19592,"go",42627,"one",13400,"date",3398,"man",16372,"try",58445,"want",26046,"also",3866,"do",2453,"find",3916,"time",20581,"hinduism",9205,"first",10985,"go",5877,"book",1976,"know",13952,"time",485,"mean",11053,"sono",3214,"may",12089,"get",4645,"do",17528,"form",906,"time",1237,"find",3074,"copyright",16296,"way",3217,"noun",6173,"go",3771,"order",46482,"kick",3921,"set",1336,"get",53439,"give",5710,"give",45792,"like",17560,"like",1101,"account",37522,"go",14846,"just",31350,"also",1264,"come",1396
"17","2",23188,"make",45729,"time",46828,"make",36944,"run",964,"like",1175,"one",17440,"pay",4571,"file",6957,"do",12019,"one",2692,"du",18949,"may",41292,"do",13017,"search",3338,"von",15937,"look",57244,"do",25262,"amateur",3735,"support",2411,"take",3692,"seem",20186,"life",8995,"history",10761,"one",5652,"science",1894,"friend",13644,"datum",476,"make",10675,"le",3124,"question",11803,"add",4541,"go",17091,"may",876,"find",1184,"seem",3007,"right",15944,"time",3106,"sound",5998,"may",3698,"create",44932,"work",3849,"atom",1282,"point",51675,"will",5610,"also",44980,"fuel",17284,"need",1090,"time",36730,"use",14315,"make",30179,"time",1210,"time",1376
"18","know",22524,"work",44135,"also",45910,"question",35666,"one",920,"example",1142,"wallet",16937,"uk",4400,"one",6709,"go",11716,"like",2621,"ou",18111,"way",40004,"also",12291,"also",3250,"mit",15642,"also",55946,"need",24578,"work",3604,"go",2381,"risk",3646,"1",19725,"worship",8779,"many",10561,"add",5565,"question",1863,"one",13207,"need",464,"time",10458,"da",2994,"sentence",11574,"component",4492,"rabbi",16677,"just",854,"native",1171,"make",2939,"person",15400,"take",3020,"verb",5861,"like",3656,"set",43502,"practice",3632,"density",1272,"numb",49874,"work",5543,"see",43970,"problem",16992,"want",1056,"may",35984,"end",13822,"tune",29371,"genre",1169,"find",1344
"19","also",21995,"light",42778,"like",45030,"phrase",34799,"code",891,"al",1127,"code",16616,"do",4308,"want",6547,"like",11243,"know",2579,"il",17490,"code",38371,"root",11840,"time",3167,"word",15221,"create",54736,"create",24001,"like",3481,"ram",2271,"health",3585,"text",19261,"people",8593,"power",10331,"boil",5416,"mathematics",1821,"go",12964,"confirm",453,"use",10112,"se",2858,"know",11351,"code",4372,"also",16143,"do",842,"help",1137,"translation",2890,"good",15036,"clean",2897,"know",5779,"first",3571,"store",42129,"way",3552,"calculate",1267,"know",48489,"make",5455,"question",42930,"drive",16636,"time",1010,"like",35308,"also",13310,"do",28503,"may",1133,"seem",1314
"20","like",21535,"wall",41255,"battery",44130,"noun",33866,"cleos",849,"english",1038,"ether",16290,"use",4172,"just",6325,"train",10937,"take",2534,"ne",16566,"also",36910,"just",11439,"research",3040,"oder",14858,"tool",53472,"just",23556,"just",3347,"2",2184,"people",3506,"john",18916,"take",8415,"find",10138,"time",5233,"many",1782,"feel",12584,"new",441,"may",9744,"pi",2669,"something",11116,"create",4199,"source",15733,"think",832,"vocabulary",1113,"verb",2860,"say",14672,"keep",2740,"say",5686,"see",3515,"method",41224,"also",3475,"example",1257,"two",47169,"math",5324,"may",41978,"start",16388,"just",989,"interest",34575,"character",12827,"learn",27611,"get",1106,"name",1268
"21","make",21082,"run",39886,"make",43183,"dictionary",33344,"datum",835,"ke",987,"like",15946,"go",4078,"good",6160,"just",10609,"go",2479,"ce",15394,"player",35614,"seed",11163,"person",2896,"den",14589,"may",52112,"way",22957,"do",3257,"device",2158,"day",3407,"give",18447,"hindu",8255,"german",9960,"flavor",5061,"two",1753,"use",12275,"make",437,"like",9407,"italian",2570,"see",10816,"good",4103,"even",15353,"english",824,"write",1082,"question",2804,"company",14306,"put",2667,"form",5531,"name",3390,"change",40075,"just",3397,"like",1244,"show",45845,"also",5230,"need",40957,"replace",16123,"use",970,"buy",33832,"say",12503,"go",26569,"just",1090,"give",1230
"22","orbital",20577,"new",38733,"may",42301,"will",32785,"want",800,"also",941,"datum",15563,"apply",3988,"add",5948,"need",10386,"just",2419,"plus",13840,"thing",34470,"need",10747,"place",2833,"auf",14226,"im",50540,"font",22558,"high",3193,"power",2128,"do",3347,"question",18097,"good",8086,"much",9816,"need",4848,"write",1714,"way",12011,"also",420,"verse",9195,"ma",2529,"do",10569,"menu",3969,"get",15052,"know",784,"make",1062,"classical",2726,"example",13559,"method",2573,"do",5400,"novel",3290,"good",38716,"like",3324,"basis",1225,"3",44822,"do",5163,"value",39825,"need",15769,"way",934,"fund",33013,"first",12167,"practice",25909,"artist",1077,"two",1195
"23","compound",20130,"power",37961,"resistor",41584,"person",32234,"user",789,"por",939,"key",15289,"find",3896,"way",5768,"take",10092,"hour",2317,"par",13159,"youre",33446,"time",10409,"census",2778,"sich",13871,"want",49193,"im",21933,"time",3134,"find",2073,"make",3277,"2",17711,"form",7950,"take",9651,"wort",4748,"think",1697,"question",11721,"tip",411,"give",8863,"della",2376,"make",10271,"make",3864,"like",14607,"see",767,"question",1048,"know",2677,"get",13593,"remove",2529,"mean",5312,"find",3228,"try",36998,"take",3184,"need",1204,"prove",43876,"answer",5085,"option",38746,"brake",15384,"see",900,"card",32351,"find",11860,"also",25272,"do",1067,"may",1155
"24","give",19695,"want",37217,"low",40754,"term",31732,"eosio",775,"oni",913,"network",14964,"eu",3762,"code",5559,"one",9939,"use",2288,"mais",12538,"know",32614,"make",10078,"new",2738,"also",13580,"find",47843,"go",21414,"dipole",3086,"cpu",2002,"2",3242,"may",17268,"go",7809,"may",9493,"much",4653,"history",1665,"thing",11491,"do",403,"prayer",8558,"nel",2291,"will",10062,"way",3674,"just",14297,"language",754,"speaker",1017,"english",2632,"also",13306,"paper",2462,"case",5244,"people",3134,"one",35925,"know",3155,"code",1196,"follow",43123,"get",5003,"make",37698,"tire",15125,"also",858,"just",31668,"do",11592,"way",24635,"think",1044,"first",1124
"25","get",19348,"also",36512,"2",40006,"verb",31254,"try",759,"vi",902,"mine",14655,"time",3670,"category",5365,"start",9792,"also",2231,"au",11853,"think",31669,"compost",9666,"datum",2704,"fr",13286,"gi",46364,"may",20956,"transmit",3037,"just",1953,"1",3166,"know",16863,"brahma",7674,"us",9367,"batch",4555,"example",1637,"think",11278,"2",402,"scholar",8324,"ho",2180,"way",9855,"one",3613,"year",13954,"will",746,"example",1007,"est",2567,"give",12927,"need",2376,"speaker",5163,"take",3007,"block",34904,"body",3076,"quantum",1166,"k",42318,"write",4935,"time",36691,"work",14845,"go",831,"bank",31077,"seem",11258,"know",24044,"im",1028,"zeus",1113
"26","question",18992,"circuit",35745,"connect",39425,"time",30797,"time",735,"think",837,"work",14311,"license",3536,"look",5170,"calorie",9652,"thing",2204,"mot",11316,"look",30807,"see",9241,"tree",2626,"aber",13047,"feature",44876,"tool",20589,"go",2957,"run",1920,"high",2782,"paul",16578,"see",7570,"germany",9214,"think",4422,"modern",1622,"talk",10976,"bundle",398,"see",8087,"anche",2153,"english",9625,"want",3515,"give",13675,"two",731,"like",975,"two",2460,"take",12699,"hand",2222,"think",5075,"just",2975,"way",33961,"fight",3021,"state",1135,"question",41614,"learn",4894,"result",35821,"check",14491,"new",819,"also",30466,"take",10952,"find",23473,"lyric",1007,"go",1091
"27","may",18596,"panel",35187,"im",38850,"see",30410,"smart",728,"make",823,"call",13997,"like",3463,"set",5028,"increase",9446,"job",2106,"cest",10868,"find",29925,"ive",9031,"question",2560,"als",12754,"do",43753,"graphic",20177,"grind",2910,"price",1894,"water",3075,"christ",16272,"body",7473,"century",9092,"im",4379,"late",1606,"something",10695,"milestone",398,"woman",7908,"al",2020,"kanji",9355,"also",3471,"question",13464,"way",716,"grammar",960,"think",2388,"pay",12423,"go",2100,"see",4954,"question",2894,"just",33336,"learn",2970,"2",1127,"f",40906,"know",4782,"case",34981,"also",14166,"rule",796,"need",29833,"may",10710,"may",23113,"track",983,"man",1071
"28","ion",18262,"box",34629,"just",38195,"im",29986,"name",723,"u",818,"just",13704,"card",3383,"make",4885,"youre",9310,"company",2013,"use",10355,"much",29361,"pot",8736,"marriage",2522,"can",12542,"see",42707,"text",19827,"want",2859,"may",1828,"many",3017,"verse",15947,"many",7388,"like",8985,"ive",4320,"like",1586,"youre",10419,"see",396,"believe",7783,"mean",1990,"case",9127,"try",3399,"first",13255,"write",665,"do",932,"greek",2356,"license",12202,"leave",2067,"make",4904,"character",2849,"make",32606,"student",2889,"get",1122,"since",40261,"like",4702,"answer",34334,"see",13807,"take",789,"much",29126,"way",10413,"try",22659,"see",967,"many",1041
"29","find",17927,"2",34141,"design",37542,"do",29647,"also",704,"people",794,"make",13503,"insurance",3290,"create",4688,"eat",9127,"start",1979,"franais",9795,"see",28780,"lawn",8540,"look",2473,"dass",12245,"code",41931,"also",19520,"station",2830,"drive",1771,"need",2987,"understand",15626,"make",7311,"say",8862,"want",4223,"even",1555,"someone",10132,"work",384,"do",7641,"mi",1827,"go",8894,"change",3359,"think",13044,"something",640,"get",909,"de",2336,"require",11952,"place",2026,"just",4829,"even",2816,"want",31952,"hand",2807,"may",1117,"now",39562,"way",4593,"point",33640,"vehicle",13575,"thing",764,"take",28591,"even",10151,"instrument",22131,"go",922,"use",1020
"30","solution",17733,"see",33550,"switch",36920,"just",29136,"find",690,"just",767,"create",13238,"citizenship",3232,"try",4579,"make",8942,"ask",1912,"sur",9347,"really",28286,"go",8337,"work",2453,"wird",11941,"server",40598,"web",19168,"two",2801,"buy",1749,"even",2916,"esv",15303,"even",7207,"see",8719,"fermentation",4160,"year",1518,"im",9843,"know",378,"follow",7480,"can",1749,"answer",8697,"do",3303,"reason",12864,"question",631,"way",887,"case",2284,"service",11750,"find",1974,"many",4774,"seem",2762,"look",31406,"thing",2758,"potential",1101,"way",39041,"proof",4517,"set",32997,"take",13372,"know",758,"stock",27966,"question",9984,"hand",21367,"first",912,"take",997
"31","example",17450,"install",33020,"pin",36439,"adjective",28758,"make",684,"way",742,"see",13069,"make",3136,"may",4514,"much",8754,"give",1875,"comme",8992,"something",27837,"look",8151,"list",2430,"wie",11644,"just",39442,"file",18795,"wire",2738,"laptop",1728,"increase",2874,"passage",15034,"use",7117,"soviet",8644,"gallon",4026,"paper",1507,"try",9671,"just",375,"question",7312,"word",1698,"different",8572,"update",3237,"come",12732,"go",609,"understand",867,"language",2249,"find",11511,"around",1928,"change",4648,"come",2692,"customer",30877,"move",2727,"find",1096,"problem",38389,"understand",4414,"do",32516,"battery",13130,"forum",752,"company",27393,"kill",9785,"start",21424,"say",886,"people",980
"32","need",17165,"way",32514,"want",35915,"find",28427,"blockchain",679,"do",705,"way",12828,"state",3093,"do",4456,"protein",8588,"find",1827,"french",8541,"lot",27344,"keep",7956,"see",2412,"mean",11405,"way",38686,"know",18323,"way",2702,"make",1635,"disease",2823,"take",14781,"name",7005,"example",8552,"also",3907,"early",1500,"work",9395,"full",372,"thing",7187,"questo",1587,"two",8370,"just",3189,"need",12540,"people",608,"method",859,"2",2204,"however",11313,"help",1896,"find",4538,"mean",2664,"do",30304,"back",2695,"point",1086,"c",37781,"find",4375,"2",31924,"run",12940,"answer",741,"loan",26856,"will",9615,"want",21169,"many",872,"will",974
"33","1",16884,"look",31912,"frequency",35385,"two",28056,"see",674,"pri",684,"send",12671,"bank",3053,"also",4347,"im",8408,"much",1797,"y",8259,"engine",26874,"im",7748,"include",2379,"dem",11060,"know",37901,"see",17972,"low",2665,"new",1584,"like",2792,"bible",14584,"get",6941,"get",8401,"little",3806,"idea",1494,"need",9168,"run",366,"example",7070,"lo",1507,"difference",8209,"see",3149,"many",12393,"name",605,"first",847,"first",2169,"like",11165,"small",1871,"speak",4445,"way",2636,"see",29843,"foot",2651,"function",1080,"first",37249,"just",4312,"follow",31330,"im",12753,"problem",725,"income",26341,"look",9392,"need",20826,"name",858,"son",966
"34","hydrogen",16605,"two",31378,"see",34901,"way",27628,"wallet",665,"find",663,"good",12534,"month",3023,"member",4283,"may",8277,"rate",1768,"si",7955,"example",26454,"much",7588,"death",2338,"sie",10846,"make",37221,"time",17514,"see",2626,"keyboard",1579,"see",2773,"write",14255,"son",6858,"source",8323,"mash",3706,"newton",1481,"also",8974,"like",350,"book",6953,"essere",1457,"language",8035,"plugin",3112,"2",12204,"2",594,"learner",841,"write",2117,"lawyer",11007,"little",1841,"will",4355,"man",2598,"find",29356,"need",2629,"question",1073,"r",36703,"point",4235,"just",30837,"look",12549,"member",721,"invest",25820,"back",9207,"work",20574,"rock",845,"ancient",954
"35","answer",16378,"pipe",30977,"wire",34447,"get",27252,"table",657,"sed",650,"also",12337,"know",2987,"form",4202,"help",8167,"think",1751,"se",7718,"start",26067,"fruit",7442,"people",2322,"good",10575,"set",36612,"print",17164,"current",2576,"little",1552,"little",2746,"translation",13984,"story",6784,"become",8251,"grain",3641,"much",1471,"even",8788,"good",346,"word",6867,"say",1444,"thing",7901,"find",3067,"shabbos",12052,"case",591,"teach",836,"way",2085,"do",10786,"want",1819,"sentence",4276,"give",2553,"attribute",28956,"teach",2592,"theory",1043,"do",36209,"exam",4162,"plot",30286,"know",12336,"try",706,"mortgage",25336,"give",9043,"finger",20282,"hear",818,"human",942
"36","temperature",16145,"im",30519,"motor",34001,"take",26966,"work",654,"see",645,"want",12133,"take",2939,"see",4122,"diet",8037,"im",1704,"avec",7544,"write",25734,"want",7374,"do",2278,"kann",10278,"polygon",36054,"try",16811,"receive",2527,"case",1523,"eat",2721,"two",13709,"rama",6733,"come",8129,"sugar",3584,"point",1460,"take",8592,"key",339,"islamic",6786,"one",1401,"people",7778,"set",3034,"way",11903,"im",584,"see",811,"give",2051,"even",10620,"see",1766,"way",4222,"poem",2521,"cache",28582,"find",2549,"electron",1032,"also",35814,"need",4097,"look",29733,"light",12102,"action",693,"want",24992,"people",8862,"fret",19991,"look",814,"think",929
"37","do",15949,"grind",29993,"1",33557,"2",26588,"way",637,"may",627,"try",11965,"resident",2895,"variable",4050,"back",7871,"way",1669,"sont",7398,"im",25304,"try",7285,"year",2250,"wenn",10047,"time",35441,"find",16441,"transmitter",2507,"recommend",1501,"however",2674,"people",13454,"come",6667,"give",8028,"take",3526,"physic",1447,"give",8333,"pow",323,"man",6700,"ha",1352,"write",7689,"item",3010,"hashem",11777,"end",568,"need",806,"come",2012,"act",10480,"cut",1750,"people",4146,"author",2508,"also",28160,"people",2509,"give",1029,"equation",35457,"take",4019,"try",29180,"part",11863,"even",662,"work",24590,"two",8394,"different",19752,"video",794,"world",922
"38","see",15764,"replace",29563,"do",33135,"follow",26264,"example",630,"know",610,"may",11742,"move",2859,"addon",3994,"want",7713,"cost",1654,"fait",7184,"level",24926,"flower",7183,"way",2205,"werden",9753,"example",34897,"logo",16046,"line",2491,"port",1477,"long",2642,"gospel",13239,"earth",6597,"year",7918,"recipe",3439,"say",1406,"situation",8062,"find",321,"day",6615,"questa",1322,"im",7595,"look",2982,"eat",11640,"pronounce",556,"just",801,"vowel",1977,"know",10314,"bag",1734,"seem",4092,"do",2465,"extension",27808,"try",2476,"do",1023,"solution",34997,"thing",3949,"find",28556,"try",11659,"help",655,"investment",24150,"story",8544,"much",19472,"mean",791,"king",905
"39","structure",15587,"cable",29139,"supply",32730,"look",25977,"node",627,"seem",598,"client",11577,"want",2823,"datum",3925,"week",7551,"freelance",1646,"peut",7039,"point",24585,"take",7046,"document",2194,"like",9576,"open",34441,"thing",15664,"impedance",2465,"much",1464,"much",2617,"like",13003,"become",6547,"just",7816,"may",3418,"page",1389,"really",7843,"value",316,"even",6519,"ci",1303,"even",7494,"version",2918,"take",11516,"thing",553,"different",791,"name",1951,"need",10223,"side",1704,"time",4046,"many",2431,"follow",27431,"see",2441,"different",1012,"p",34611,"see",3871,"first",28011,"wheel",11477,"comment",648,"debt",23696,"thing",8372,"take",19164,"will",768,"however",899
"40","carbon",15422,"house",28668,"source",32211,"form",25653,"follow",613,"something",593,"time",11412,"even",2769,"ive",3879,"try",7284,"youre",1611,"mme",6878,"c",24259,"start",6876,"give",2177,"sind",9337,"line",33929,"designer",15303,"little",2429,"time",1424,"know",2568,"son",12773,"consider",6479,"seem",7735,"temperature",3357,"mathematician",1364,"conversation",7618,"try",315,"many",6435,"ad",1275,"seem",7396,"may",2854,"r",11420,"difference",549,"try",784,"im",1916,"time",10079,"long",1679,"im",3999,"get",2370,"im",27057,"youre",2419,"know",981,"case",34282,"even",3792,"datum",27607,"cause",11324,"think",621,"payment",23369,"come",8258,"thing",18912,"example",756,"call",883
"41","im",15264,"screw",28208,"way",31744,"people",25383,"error",599,"kiel",570,"file",11231,"just",2753,"issue",3855,"long",7175,"charge",1592,"bien",6762,"etc",23880,"little",6792,"child",2147,"english",9020,"esri",33497,"think",14982,"find",2403,"computer",1406,"level",2555,"first",12602,"world",6432,"new",7670,"keep",3288,"seem",1357,"help",7453,"snapshot",308,"us",6376,"sia",1254,"time",7307,"database",2825,"allow",11281,"however",547,"people",777,"follow",1866,"just",9955,"something",1666,"give",3953,"will",2341,"price",26726,"help",2382,"answer",973,"will",33843,"ask",3729,"file",27195,"ive",11156,"content",615,"price",22995,"want",8129,"think",18690,"part",742,"even",867
"42","look",15102,"hot",27763,"know",31342,"give",25088,"producer",595,"tio",550,"example",11073,"case",2727,"something",3795,"low",7066,"money",1574,"cette",6656,"try",23517,"find",6646,"genealogy",2135,"example",8831,"service",33060,"youre",14703,"know",2378,"ive",1395,"skin",2526,"read",12432,"different",6368,"two",7586,"try",3240,"2",1346,"see",7215,"may",305,"accord",6287,"esempio",1225,"get",7214,"content",2798,"name",11153,"different",546,"say",767,"roman",1840,"jurisdiction",9849,"air",1636,"look",3887,"two",2334,"category",26351,"much",2356,"work",970,"need",33440,"help",3662,"notebook",26728,"turn",10985,"say",592,"think",22630,"try",8021,"im",18434,"work",725,"just",859
"43","mean",14922,"connect",27383,"two",30911,"case",24765,"file",592,"question",538,"private",10923,"company",2699,"go",3740,"way",6935,"say",1542,"sens",6552,"take",23207,"small",6560,"many",2106,"one",8585,"source",32622,"give",14457,"receiver",2350,"cheap",1361,"low",2498,"lord",12257,"may",6301,"reason",7500,"start",3142,"mathematical",1330,"find",7027,"way",294,"two",6213,"frase",1202,"come",7139,"link",2776,"ask",11026,"first",540,"mean",749,"just",1813,"rule",9739,"much",1624,"write",3790,"end",2299,"check",26057,"think",2344,"problem",966,"im",33131,"mathematical",3605,"now",26360,"find",10868,"work",589,"way",22327,"remember",7908,"little",18193,"even",717,"goddess",851
"44","state",14756,"outlet",27011,"try",30501,"seem",24528,"just",586,"li",533,"function",10801,"new",2687,"user",3684,"burn",6807,"price",1523,"deux",6379,"people",22835,"know",6469,"ancestor",2052,"aus",8435,"think",32100,"page",14262,"much",2310,"core",1342,"sleep",2482,"go",12071,"person",6245,"military",7426,"extract",3116,"system",1315,"tell",6795,"iri",293,"answer",6127,"pu",1182,"read",7040,"im",2719,"numb",10883,"noun",539,"even",745,"ad",1783,"provide",9638,"open",1606,"even",3735,"however",2245,"new",25712,"point",2298,"paper",956,"see",32829,"calculus",3561,"expression",25971,"way",10725,"ask",570,"month",21939,"much",7807,"scale",17944,"new",714,"mean",848
"45","think",14574,"side",26586,"v",30127,"correct",23986,"good",567,"povas",523,"im",10665,"question",2661,"group",3615,"feel",6700,"see",1501,"aussi",6300,"simple",22495,"give",6348,"need",2043,"des",8303,"run",31680,"size",13997,"hf",2284,"intel",1318,"say",2464,"book",11918,"scripture",6165,"army",7361,"know",3082,"may",1304,"answer",6614,"generate",289,"ask",6045,"due",1157,"usage",6978,"new",2655,"point",10752,"learn",532,"german",737,"short",1772,"answer",9536,"thing",1586,"go",3687,"part",2220,"call",25342,"different",2276,"1",942,"take",32494,"first",3519,"problem",25566,"new",10591,"something",555,"little",21591,"point",7693,"first",17705,"year",710,"question",843
"46","different",14409,"back",26219,"value",29697,"context",23983,"bp",553,"translation",519,"do",10565,"im",2646,"custom",3579,"little",6632,"customer",1441,"jai",6231,"create",22201,"think",6296,"get",2028,"may",8165,"python",31221,"illustrator",13739,"even",2232,"two",1311,"pressure",2441,"thing",11779,"question",6089,"part",7302,"long",3045,"come",1283,"come",6481,"message",289,"ibn",5956,"alla",1137,"follow",6916,"field",2598,"since",10664,"character",528,"course",729,"answer",1759,"term",9437,"even",1572,"article",3640,"year",2187,"go",25069,"style",2253,"case",927,"just",32122,"different",3474,"something",25118,"system",10427,"give",529,"thing",21259,"watch",7584,"see",17497,"different",704,"different",826
"47","however",14286,"problem",25942,"capacitor",29184,"first",23707,"store",549,"will",518,"value",10421,"people",2613,"id",3507,"lose",6548,"even",1432,"question",6077,"even",21966,"grass",6204,"two",1995,"hat",7983,"user",30824,"background",13474,"rf",2211,"video",1302,"go",2390,"us",11605,"human",5994,"battle",7228,"gravity",2992,"however",1262,"little",6320,"want",283,"upon",5850,"cui",1130,"sound",6818,"override",2550,"two",10570,"follow",523,"spanish",708,"end",1732,"without",9351,"without",1556,"grammar",3581,"little",2159,"template",24770,"look",2216,"molecular",921,"say",31810,"want",3437,"create",24709,"change",10269,"topic",517,"amount",21014,"mean",7443,"song",17221,"seem",699,"roman",815
"48","just",14157,"find",25560,"find",28779,"work",23422,"transfer",548,"learn",508,"new",10254,"require",2587,"content",3467,"ive",6431,"something",1413,"tre",5965,"design",21702,"way",6122,"just",1963,"gibt",7846,"problem",30344,"help",13279,"transmission",2178,"requirement",1290,"patient",2356,"life",11462,"just",5930,"go",7116,"really",2972,"source",1250,"much",6190,"balance",271,"take",5778,"nella",1096,"look",6728,"error",2523,"find",10484,"get",502,"student",699,"time",1706,"see",9224,"heat",1541,"thing",3550,"world",2142,"problem",24421,"form",2171,"see",918,"value",31463,"set",3396,"version",24328,"come",10094,"point",510,"know",20757,"part",7371,"help",17003,"come",687,"book",805
"49","point",14035,"come",25230,"diode",28355,"name",23123,"do",541,"many",506,"find",10140,"account",2570,"new",3434,"keep",6358,"site",1392,"nest",5861,"3d",21431,"work",6031,"like",1938,"du",7732,"add",29927,"example",13052,"give",2163,"option",1279,"show",2337,"mark",11324,"day",5874,"roman",7059,"way",2936,"different",1227,"look",6041,"question",266,"sin",5681,"example",1071,"want",6643,"go",2501,"accord",10358,"person",500,"im",694,"even",1684,"include",9130,"enough",1515,"order",3510,"much",2124,"error",24146,"want",2149,"time",903,"be",31123,"function",3339,"solution",24024,"back",9957,"discussion",503,"im",20564,"really",7272,"key",16830,"ive",685,"way",791
"50","chemistry",13908,"try",24939,"load",27867,"come",22824,"new",532,"thing",506,"start",10020,"way",2521,"example",3405,"see",6303,"question",1374,"quil",5759,"system",21233,"new",5941,"bear",1927,"bei",7610,"new",29444,"different",12882,"operate",2150,"monitor",1257,"result",2306,"hebrew",11212,"temple",5802,"british",6999,"thing",2893,"publish",1216,"case",5879,"two",263,"rule",5601,"perch",1063,"someone",6546,"call",2452,"mean",10234,"answer",496,"new",686,"sentence",1662,"want",9042,"spin-dry",1505,"vowel",3483,"word",2093,"issue",23884,"class",2118,"molecule",900,"g",30794,"much",3291,"1",23611,"much",9852,"keep",502,"high",20331,"something",7215,"two",16634,"style",676,"deity",782
"51","way",13773,"think",24672,"device",27485,"go",22561,"call",525,"pli",501,"go",9888,"income",2497,"url",3382,"find",6221,"look",1353,"tu",5643,"project",20974,"add",5857,"index",1895,"um",7477,"coordinate",29066,"new",12732,"license",2130,"window",1250,"help",2281,"even",11097,"year",5741,"think",6911,"malt",2859,"numb",1203,"keep",5748,"spend",260,"go",5526,"gli",1049,"2",6467,"load",2422,"next",10124,"speak",492,"pronunciation",680,"sense",1640,"claim",8940,"plastic",1488,"2",3441,"series",2048,"custom",23575,"say",2085,"however",895,"answer",30461,"teacher",3247,"graphic",23223,"say",9712,"case",498,"save",20072,"work",7118,"change",16433,"way",672,"example",774
"52","change",13645,"neutral",24395,"lead",27056,"thing",22250,"know",523,"translate",500,"solidity",9736,"passport",2460,"change",3349,"lot",6127,"service",1337,"langue",5552,"program",20718,"question",5771,"evidence",1877,"language",7293,"ive",28595,"site",12545,"loss",2104,"system",1242,"treatment",2261,"do",10944,"kill",5686,"force",6849,"secondary",2832,"field",1196,"let",5659,"issue",259,"consider",5452,"like",1022,"give",6394,"display",2381,"jew",10034,"time",490,"level",675,"something",1623,"country",8631,"ive",1476,"term",3385,"thing",2021,"class",23260,"little",2064,"make",891,"right",30198,"many",3212,"edit",22825,"little",9578,"issue",495,"cost",19858,"answer",6810,"piece",16252,"release",669,"earth",768
"53","much",13512,"time",24113,"look",26665,"call",21937,"permission",507,"even",497,"hash",9592,"credit",2437,"error",3318,"high",6060,"case",1321,"phrase",5473,"give",20529,"day",5718,"online",1849,"say",7170,"10",28197,"really",12380,"repeater",2075,"know",1228,"just",1876,"think",10800,"do",5617,"wikipedia",6784,"find",2812,"law",1192,"without",5550,"1",258,"something",5352,"also",1013,"particle",6313,"category",2362,"moshe",9940,"come",487,"2",656,"noun",1611,"way",8765,"stick",1463,"system",3337,"answer",1983,"datum",22960,"im",2044,"orbital",884,"v",29868,"2",3175,"symbol",22439,"high",9461,"vote",479,"home",19629,"man",6974,"pick",16057,"want",661,"part",758
"54","group",13425,"even",23811,"resistance",26268,"someone",21632,"im",504,"speaker",490,"know",9433,"youre",2429,"list",3283,"stretch",5986,"website",1309,"exemple",5369,"run",20313,"around",5659,"site",1837,"nur",7063,"spatial",27817,"select",12181,"noise",2046,"come",1211,"question",2214,"genesis",10692,"way",5581,"american",6721,"ale",2793,"way",1173,"interest",5450,"first",257,"come",5285,"treccani",1000,"person",6259,"check",2335,"jewish",9850,"find",484,"answer",652,"translate",1578,"go",8689,"back",1442,"come",3296,"example",1965,"load",22652,"ive",2023,"many",874,"proof",29576,"grade",3117,"take",22091,"bad",9330,"really",465,"now",19399,"many",6911,"piano",15890,"much",650,"become",750
"55","say",13338,"door",23550,"go",25878,"want",21317,"nodeos",493,"time",486,"state",9261,"germany",2389,"display",3250,"minute",5897,"first",1300,"dun",5301,"easy",20138,"grind",5597,"first",1813,"einen",6982,"project",27402,"line",12041,"im",2026,"cable",1197,"test",2197,"since",10583,"king",5499,"government",6661,"see",2757,"name",1163,"often",5340,"coordinator",254,"life",5229,"form",988,"first",6168,"issue",2316,"write",9753,"translate",478,"sentence",647,"however",1559,"must",8610,"inside",1427,"mark",3250,"order",1931,"run",22343,"punch",2007,"two",861,"time",29281,"book",3059,"package",21780,"air",9202,"change",458,"give",19209,"name",6827,"really",15728,"listen",646,"another",745
"56","take",13237,"much",23251,"give",25457,"sense",20961,"command",487,"sentence",472,"2",9104,"foreign",2360,"store",3208,"strength",5841,"people",1290,"cas",5228,"datum",19952,"lot",5532,"state",1784,"noch",6860,"go",26966,"something",11916,"long",2016,"high",1186,"drink",2180,"refer",10480,"reason",5449,"late",6605,"taste",2722,"earth",1153,"ive",5267,"numb",253,"person",5160,"molto",971,"find",6056,"form",2294,"person",9632,"1",476,"many",645,"thing",1541,"information",8517,"problem",1424,"first",3229,"long",1905,"option",22120,"start",1992,"numb",840,"element",29025,"go",3018,"note",21393,"sure",9120,"come",456,"people",19030,"actually",6774,"look",15506,"take",640,"place",743
"57","high",13141,"take",22957,"change",25125,"answer",20679,"chain",482,"different",452,"change",8703,"give",2340,"find",3176,"know",5779,"experience",1269,"expression",5169,"ive",19766,"two",5490,"go",1749,"verb",6757,"database",26524,"question",11729,"mode",1998,"graphic",1177,"work",2162,"matthew",10383,"follow",5384,"however",6551,"keg",2689,"answer",1145,"mean",5193,"possible",244,"pray",5121,"caso",961,"often",5964,"install",2250,"hear",9522,"dictionary",470,"two",636,"different",1521,"v",8424,"two",1408,"work",3211,"play",1883,"may",21891,"opponent",1963,"property",835,"define",28761,"group",2974,"know",21087,"leak",8979,"doesnt",449,"find",18817,"reason",6714,"low",15320,"jazz",636,"mention",726
"58","case",13001,"sure",22743,"question",24793,"write",20410,"vote",471,"e",451,"possible",8875,"local",2306,"module",3107,"food",5720,"offer",1255,"tout",5096,"build",19563,"variety",5446,"want",1731,"habe",6646,"table",25932,"draw",11603,"question",1989,"screen",1170,"problem",2135,"point",10266,"soul",5342,"mean",6507,"work",2646,"problem",1135,"now",5125,"store",243,"find",5057,"verb",955,"context",5866,"follow",2221,"possible",9431,"want",462,"lot",628,"though",1501,"apply",8324,"sure",1395,"linguist",3190,"tell",1856,"time",21263,"strike",1949,"just",828,"space",28447,"say",2933,"variable",20817,"wear",8863,"someone",444,"look",18640,"im",6651,"give",15103,"people",633,"version",717
"59","time",12874,"hole",22436,"grind",24482,"refer",20143,"change",469,"piv",450,"mist",8763,"register",2274,"update",3082,"thing",5661,"write",1248,"word",5030,"different",19375,"area",5386,"different",1724,"er",6571,"base",25531,"set",11441,"say",1974,"battery",1163,"diet",2119,"scripture",10150,"think",5291,"point",6446,"first",2614,"concept",1123,"other",5053,"change",235,"way",4992,"case",946,"take",5806,"server",2210,"read",9343,"seem",453,"much",618,"long",1497,"public",8250,"really",1385,"take",3167,"im",1837,"cart",21345,"give",1921,"result",819,"s",28195,"show",2877,"add",20539,"low",8761,"first",441,"plan",18447,"2",6573,"high",14906,"wikipedia",626,"old",706
"60","first",12736,"first",22183,"much",24174,"little",19847,"may",464,"look",446,"eth",8617,"thing",2266,"option",3039,"even",5585,"many",1231,"donc",4963,"file",19185,"long",5343,"history",1707,"sein",6477,"google",25103,"take",11349,"part",1953,"gaming",1158,"possible",2097,"greek",10043,"first",5245,"long",6400,"2",2585,"take",1118,"back",4979,"follow",235,"source",4934,"dal",927,"noun",5739,"help",2199,"seem",9246,"hear",451,"take",607,"phrase",1487,"allow",8192,"end",1372,"study",3146,"point",1811,"server",21119,"keep",1905,"band",812,"t",27938,"something",2836,"image",20225,"think",8661,"much",436,"return",18252,"shoot",6505,"even",14728,"start",615,"kill",698
"61","gas",12642,"fan",21895,"problem",23870,"describe",19507,"set",455,"want",444,"store",8503,"france",2242,"allow",3016,"water",5503,"try",1219,"son",4888,"say",19006,"problem",5295,"even",1696,"nach",6378,"result",24679,"change",11233,"small",1938,"id",1148,"pain",2078,"many",9941,"karma",5193,"question",6352,"say",2566,"form",1112,"rude",4914,"now",232,"reason",4870,"dire",925,"little",5671,"know",2182,"different",9138,"even",449,"think",600,"do",1478,"party",8108,"glass",1362,"common",3102,"publish",1783,"update",20847,"leg",1896,"eg",799,"make",27672,"try",2790,"two",19920,"gear",8545,"start",431,"new",18055,"real",6441,"lot",14567,"two",610,"accord",691
"62","oxygen",12524,"know",21636,"part",23615,"usage",19125,"function",445,"however",439,"smart",8382,"ask",2227,"image",2984,"lift",5453,"etc",1207,"can",4842,"language",18847,"enough",5236,"page",1680,"hier",6283,"take",24358,"much",11088,"example",1916,"year",1134,"symptom",2065,"just",9826,"two",5121,"will",6293,"sure",2527,"go",1105,"start",4850,"example",231,"arabic",4817,"sentence",917,"end",5581,"website",2163,"food",9058,"understand",434,"dictionary",593,"s",1468,"property",8048,"usually",1347,"part",3063,"chapter",1769,"site",20558,"many",1880,"way",792,"good",27413,"theorem",2742,"show",19645,"keep",8445,"system",421,"insurance",17858,"late",6402,"c",14423,"really",609,"late",688
"63","charge",12412,"turn",21446,"schematic",23369,"another",18755,"cpu",440,"kiu",438,"user",8272,"day",2206,"think",2953,"leg",5381,"payment",1191,"dune",4796,"play",18665,"sure",5189,"image",1662,"know",6168,"give",23984,"point",10983,"point",1900,"less",1123,"way",2041,"law",9696,"mention",5082,"great",6247,"cool",2499,"just",1100,"group",4778,"look",223,"just",4755,"dei",902,"speaker",5498,"problem",2139,"bring",8964,"subject",432,"chinese",591,"take",1461,"judge",7972,"tape",1335,"get",3035,"language",1755,"layout",20315,"even",1855,"simulation",778,"think",27170,"idea",2714,"think",19437,"even",8334,"im",410,"long",17698,"life",6353,"many",14223,"something",607,"life",686
"64","metal",12287,"now",21227,"mean",23087,"new",18488,"stake",434,"two",433,"follow",8178,"money",2189,"search",2935,"really",5313,"year",1178,"dire",4728,"development",18470,"thing",5129,"genealogical",1653,"wort",6084,"support",23695,"even",10895,"wave",1882,"ssd",1122,"cancer",2025,"way",9626,"part",5031,"way",6206,"ferment",2492,"number",1092,"still",4710,"case",222,"mention",4716,"tra",885,"since",5411,"class",2088,"us",8884,"correct",420,"book",588,"read",1449,"code",7915,"top",1319,"difference",3017,"life",1736,"know",20032,"right",1828,"want",767,"example",26900,"part",2681,"argument",19131,"long",8211,"find",406,"market",17505,"book",6309,"right",14064,"question",603,"great",682
"65","element",12161,"room",21016,"add",22826,"sound",18217,"add",423,"verb",426,"question",8082,"long",2166,"parse",2903,"rest",5255,"tax",1169,"mean",4660,"learn",18330,"cut",5096,"provide",1642,"mir",6012,"web",23374,"ive",10781,"thing",1873,"able",1110,"case",2017,"find",9540,"answer",4966,"didnt",6166,"great",2465,"discover",1085,"seem",4649,"neighbor",222,"must",4641,"english",877,"correct",5342,"image",2065,"word",8780,"chinese",409,"sound",580,"look",1436,"mean",7819,"easy",1305,"read",2970,"look",1720,"something",19780,"movement",1818,"j",755,"try",26666,"school",2651,"line",18925,"thing",8133,"moderation",404,"even",17341,"year",6249,"say",13907,"write",599,"write",680
"66","work",12043,"remove",20808,"drive",22599,"definition",17933,"send",420,"give",409,"bitcoin",7959,"document",2141,"sure",2881,"think",5204,"change",1159,"vous",4562,"many",18173,"remove",5056,"take",1631,"form",5913,"two",23052,"start",10683,"require",1851,"something",1101,"im",2009,"name",9444,"three",4918,"early",6106,"look",2435,"call",1077,"first",4590,"private",222,"different",4587,"c",868,"much",5297,"php",2053,"aruch",8707,"look",407,"start",580,"work",1414,"ask",7733,"know",1291,"learn",2919,"set",1708,"table",19505,"instructor",1802,"surface",739,"order",26387,"two",2622,"output",18708,"wire",8040,"example",400,"say",17187,"happen",6197,"youre",13762,"original",594,"answer",670
"67","liquid",11935,"black",20620,"board",22385,"different",17702,"now",406,"tiu",406,"now",7881,"mean",2125,"know",2841,"give",5115,"invoice",1146,"faire",4488,"object",18020,"week",5001,"available",1621,"write",5826,"class",22783,"effect",10589,"however",1832,"think",1091,"year",1887,"spirit",9372,"describe",4869,"large",6050,"spin-dry",2413,"wikipedia",1069,"point",4504,"different",220,"fast",4548,"good",860,"phrase",5238,"view",2020,"rav",8630,"give",402,"work",573,"letter",1391,"people",7660,"hack",1284,"much",2884,"late",1687,"admin",19318,"lot",1788,"term",736,"rightarrow",26114,"algebra",2595,"thing",18463,"first",7962,"cant",398,"see",17029,"plot",6151,"keep",13603,"try",588,"year",664
"68","numb",11845,"add",20415,"control",22131,"however",17448,"check",397,"common",403,"look",7792,"still",2106,"time",2808,"say",5044,"long",1135,"english",4418,"add",17819,"prune",4956,"help",1607,"question",5776,"help",22455,"little",10460,"many",1824,"even",1081,"drug",1971,"father",9271,"call",4832,"start",6011,"come",2375,"function",1062,"call",4439,"code",217,"allow",4479,"s",855,"many",5186,"table",2006,"1",8544,"speaker",400,"go",562,"sound",1372,"first",7596,"hair",1279,"numb",2866,"place",1676,"different",19133,"mean",1768,"even",722,"like",25849,"numb",2540,"seem",18302,"remove",7869,"allow",395,"cash",16866,"however",6122,"hear",13469,"give",582,"early",657
"69","product",11734,"build",20220,"case",21917,"many",17183,"question",391,"go",395,"miner",7462,"able",2082,"email",2793,"enough",4958,"new",1115,"do",4302,"opengl",17711,"first",4904,"software",1595,"sentence",5694,"id",22108,"black",10387,"look",1808,"performance",1075,"amount",1944,"luke",9194,"live",4780,"book",5961,"clean",2343,"equation",1049,"problem",4398,"mean",214,"muhammad",4433,"quando",828,"adjective",5130,"tag",1975,"follow",8437,"someone",394,"easy",547,"since",1356,"im",7536,"look",1277,"answer",2850,"2",1661,"test",18910,"spar",1756,"field",716,"mean",25601,"homework",2507,"call",18080,"speed",7781,"let",395,"question",16674,"series",5877,"something",13316,"list",576,"get",651
"70","little",11620,"receptacle",20029,"charge",21700,"us",16975,"go",387,"case",393,"numb",7621,"leave",2062,"embed",2764,"look",4914,"sure",1097,"say",4218,"support",17545,"help",4845,"try",1579,"einem",5625,"software",21873,"vector",10267,"2",1790,"build",1068,"reduce",1929,"author",9105,"etc",4714,"little",5923,"day",2309,"interest",1043,"understand",4370,"check",213,"law",4389,"delle",807,"common",5070,"access",1957,"place",8365,"rule",383,"listen",536,"dictionary",1350,"new",7472,"come",1262,"phoneme",2825,"holmes",1635,"value",18734,"side",1742,"large",712,"thank",25346,"mean",2473,"evaluate",17835,"around",7705,"many",393,"us",16541,"tell",6021,"tone",13165,"2",569,"much",647
"71","heat",11505,"ceil",19856,"create",21481,"rule",16735,"look",379,"im",386,"first",7555,"issue",2040,"show",2714,"rate",4862,"day",1086,"one",4171,"little",17323,"even",4797,"2",1571,"case",5537,"edit",21549,"lot",10193,"end",1785,"server",1055,"sugar",1915,"however",9029,"deity",4669,"2",5869,"id",2293,"people",1037,"around",4331,"create",212,"religion",4361,"quindi",791,"work",5010,"custom",1931,"interest",8282,"read",381,"look",533,"adjective",1337,"whether",7400,"wash",1255,"little",2793,"short",1620,"name",18483,"long",1723,"computational",694,"vector",25093,"1",2435,"cell",17604,"front",7630,"group",385,"value",16385,"leave",5957,"easy",13012,"call",561,"look",641
"72","even",11417,"white",19683,"think",21273,"year",16503,"2",374,"work",385,"limit",7223,"say",2023,"edit",2690,"gain",4801,"little",1068,"mon",4097,"first",17180,"come",4730,"think",1557,"da",5452,"version",21324,"add",10094,"mean",1776,"thing",1049,"3",1896,"work",8960,"sage",4626,"interest",5822,"youre",2262,"read",1028,"theyre",4300,"iotas",209,"name",4321,"modo",778,"dictionary",4956,"example",1912,"case",8201,"korea",380,"thing",510,"many",1319,"common",7339,"doesnt",1241,"follow",2761,"something",1611,"2",18237,"weight",1713,"file",675,"form",24842,"solution",2412,"change",17388,"something",7552,"situation",384,"car",16237,"place",5901,"pitch",12839,"1",558,"bear",630
"73","go",11278,"thing",19479,"show",21060,"book",16284,"process",370,"name",378,"set",7385,"process",2002,"run",2662,"hard",4757,"month",1058,"ces",4054,"new",17017,"put",4675,"us",1544,"diese",5388,"answer",21046,"white",10015,"filter",1766,"4",1045,"give",1885,"interpretation",8876,"state",4584,"english",5788,"two",2241,"will",1017,"tag",4253,"receive",205,"read",4273,"italiano",767,"however",4884,"function",1879,"someone",8133,"many",377,"test",505,"old",1301,"police",7278,"pull",1228,"point",2731,"include",1599,"doesnt",17802,"strength",1704,"much",666,"every",24610,"interest",2387,"return",17135,"want",7487,"ban",382,"low",16050,"since",5867,"amp",12714,"vinyl",555,"wikipedia",628
"74","add",11173,"old",19305,"different",20879,"language",16091,"give",364,"come",372,"storage",7290,"drive",1985,"order",2648,"people",4702,"now",1052,"san",4011,"problem",16845,"say",4627,"certificate",1530,"think",5319,"system",20816,"right",9950,"gain",1760,"around",1040,"source",1864,"answer",8796,"vedas",4543,"union",5748,"enough",2224,"motion",1012,"usually",4221,"still",204,"think",4212,"solo",764,"probably",4810,"show",1862,"accept",8070,"add",374,"case",499,"1",1285,"agreement",7234,"solution",1226,"another",2703,"old",1589,"show",17914,"school",1689,"bond",661,"matrix",24414,"really",2343,"compile",16936,"issue",7419,"little",377,"house",15884,"episode",5827,"part",12575,"thing",550,"back",619
"75","low",11089,"little",19113,"rate",20700,"1",15902,"however",364,"per",368,"give",6981,"stay",1967,"follow",2616,"knee",4667,"small",1046,"entre",3967,"graphic",16709,"tomato",4573,"interest",1516,"do",5259,"application",20557,"answer",9861,"probably",1745,"cost",1037,"weight",1855,"story",8724,"word",4514,"attack",5706,"give",2196,"case",1007,"show",4177,"already",203,"another",4175,"language",758,"understand",4722,"option",1845,"please",7984,"take",367,"however",496,"point",1270,"consider",7204,"hot",1218,"interest",2685,"another",1579,"edit",17698,"something",1678,"program",647,"sequence",24134,"people",2307,"possible",16753,"old",7367,"feel",375,"sell",15729,"world",5776,"long",12430,"answer",545,"gilgamesh",617
"76","since",10984,"small",18971,"even",20507,"part",15684,"public",362,"se",364,"chain",6941,"home",1954,"plugin",2604,"energy",4612,"problem",1036,"cela",3924,"load",16567,"seem",4518,"live",1502,"haben",5181,"question",20309,"edit",9773,"mhz",1729,"now",1021,"include",1845,"different",8654,"find",4483,"europe",5672,"put",2184,"day",1001,"bad",4130,"every",200,"state",4149,"write",745,"etc",4666,"time",1824,"however",7923,"consonant",363,"l2",489,"change",1252,"sign",7167,"food",1206,"etc",2663,"new",1565,"id",17464,"exercise",1662,"approach",643,"true",23885,"number",2293,"method",16548,"power",7299,"look",371,"first",15541,"believe",5716,"feel",12309,"country",541,"work",610
"77","process",10881,"load",18830,"line",20331,"need",15523,"system",359,"answer",361,"still",6870,"job",1941,"different",2580,"hour",4563,"help",1032,"o",3876,"render",16434,"back",4470,"example",1497,"people",5102,"something",20090,"save",9715,"call",1714,"small",1018,"answer",1829,"speak",8555,"birth",4450,"revolution",5631,"chill",2173,"ancient",993,"issue",4072,"another",198,"2",4112,"cosa",739,"hear",4617,"url",1805,"thing",7850,"little",362,"skill",479,"non",1240,"unite",7113,"youre",1200,"name",2643,"really",1552,"now",17309,"two",1644,"mean",640,"solve",23687,"case",2273,"different",16382,"put",7243,"still",370,"keep",15369,"different",5663,"technique",12188,"sing",536,"read",606
"78","system",10769,"line",18699,"impedance",20167,"common",15377,"possible",357,"havas",360,"cost",6802,"first",1917,"problem",2550,"squat",4526,"someone",1029,"suis",3835,"2d",16086,"harvest",4429,"note",1487,"verwendet",5023,"arcmap",19876,"website",9637,"different",1701,"game",1008,"cold",1820,"day",8483,"purana",4419,"russian",5592,"let",2157,"part",982,"reason",4034,"signature",198,"sunnah",4076,"forma",726,"learn",4567,"method",1789,"start",7774,"call",361,"another",473,"common",1233,"specific",7046,"bite",1192,"call",2625,"different",1530,"display",17142,"come",1626,"since",631,"z",23474,"theory",2257,"since",16227,"seem",7184,"youre",370,"put",15241,"though",5620,"neck",12056,"long",534,"death",602
"79","3",10680,"floor",18557,"example",20007,"much",15209,"issue",351,"understand",355,"case",6950,"look",1913,"query",2518,"youll",4467,"freelancer",1023,"tr",3798,"state",16158,"cause",4383,"numb",1469,"einer",4967,"start",19688,"two",9547,"field",1692,"phone",1001,"different",1797,"new",8406,"thing",4389,"lead",5531,"high",2143,"article",976,"doesnt",4003,"take",193,"imam",4038,"fare",720,"refer",4515,"something",1771,"leave",7728,"adjective",357,"give",473,"refer",1220,"damage",6992,"hold",1177,"eg",2600,"now",1521,"view",16734,"question",1617,"value",626,"formula",23222,"come",2236,"kernel",16053,"clutch",7123,"without",367,"start",15131,"little",5574,"without",11923,"now",529,"appear",595
"80","equation",10581,"since",18402,"simulate",19874,"now",15079,"build",350,"first",351,"1",6629,"example",1900,"youre",2498,"still",4420,"include",1014,"good",3760,"2",16026,"now",4338,"marry",1450,"just",4918,"postgis",19499,"etc",9474,"operator",1665,"model",995,"product",1787,"israel",8330,"religion",4355,"change",5483,"5",2123,"method",969,"lot",3978,"api",191,"first",4008,"verbo",717,"point",4450,"now",1758,"still",7661,"usually",354,"want",472,"understand",1215,"user",6949,"2",1167,"feature",2575,"want",1511,"default",16582,"really",1606,"include",618,"help",23004,"note",2220,"im",15903,"clean",7076,"bad",365,"youre",14980,"start",5498,"ive",11776,"version",526,"head",589
"81","result",10453,"end",18243,"small",19683,"even",14965,"api",348,"speak",348,"source",6568,"cost",1883,"first",2482,"2",4378,"term",1006,"peu",3738,"set",15902,"2",4293,"case",1441,"will",4870,"solution",19301,"pixel",9383,"take",1654,"really",987,"vitamin",1775,"job",8258,"great",4314,"work",5437,"bucket",2105,"now",961,"always",3940,"call",190,"get",3961,"uno",712,"usually",4413,"folder",1749,"practice",7596,"etc",348,"card",467,"late",1198,"order",6900,"lot",1162,"consider",2561,"text",1499,"example",16657,"first",1585,"first",616,"q",22760,"lecture",2208,"write",15758,"lot",7016,"person",362,"consider",14850,"new",5448,"major",11658,"lot",521,"thing",585
"82","follow",10339,"put",18126,"system",19539,"since",14814,"network",339,"follow",347,"test",6736,"permit",1872,"thing",2471,"amount",4323,"free",996,"souvent",3697,"change",15765,"pepper",4251,"report",1433,"correct",4810,"now",19088,"say",9292,"still",1645,"upgrade",982,"change",1757,"act",8206,"now",4278,"do",5404,"lot",2084,"reference",951,"change",3911,"device",186,"peace",3929,"know",707,"ask",4359,"datum",1705,"wear",7547,"native",339,"practice",462,"suggest",1188,"thing",6845,"towel",1157,"latin",2544,"english",1485,"case",16483,"still",1566,"parameter",611,"4",22516,"high",2182,"definition",15605,"mile",6959,"sure",359,"option",14739,"didnt",5389,"problem",11533,"love",515,"do",583
"83","base",10231,"require",17981,"say",19394,"doesnt",14676,"different",329,"write",346,"add",6417,"abroad",1858,"seem",2451,"heart",4282,"keep",985,"franaise",3648,"help",15622,"probably",4212,"answer",1423,"wir",4747,"geometry",18931,"many",9217,"without",1630,"hardware",972,"example",1743,"context",8132,"death",4240,"support",5364,"help",2067,"result",945,"however",3884,"think",186,"someone",3887,"secondo",704,"really",4321,"different",1696,"something",7475,"situation",338,"text",446,"text",1179,"general",6791,"light",1147,"rule",2529,"back",1474,"item",16064,"muscle",1547,"cell",607,"exist",22342,"real",2158,"however",15421,"really",6918,"account",358,"really",14600,"never",5323,"back",11427,"guitar",505,"child",576
"84","property",10128,"top",17859,"since",19254,"day",14558,"provide",328,"course",345,"mean",6605,"employer",1842,"client",2424,"right",4255,"bill",980,"example",3613,"sure",15487,"spin-dry",4177,"parent",1408,"see",4704,"information",18771,"sure",9143,"around",1618,"pc",963,"feel",1730,"woman",8068,"brahman",4204,"russia",5326,"easy",2027,"light",943,"speak",3851,"add",185,"understand",3853,"sound",702,"ive",4277,"language",1667,"yom",7406,"usage",334,"etc",443,"century",1167,"write",6741,"piece",1129,"french",2508,"line",1465,"payment",15645,"someone",1533,"electronic",603,"term",22131,"follow",2135,"numb",15258,"still",6868,"however",352,"saving",14497,"appear",5285,"g",11266,"early",501,"tell",571
"85","substance",10062,"cut",17721,"start",19121,"still",14403,"say",328,"kun",344,"provide",6316,"however",1827,"name",2411,"cardio",4210,"example",972,"forme",3576,"model",15373,"cover",4114,"copy",1400,"beispiel",4666,"projection",18653,"type",9075,"ham",1605,"quality",960,"common",1715,"church",7999,"bear",4174,"look",5277,"leave",2008,"1",935,"leave",3822,"reference",182,"case",3820,"lingua",697,"kind",4228,"2",1656,"base",7351,"common",332,"french",440,"quod",1163,"section",6697,"still",1119,"however",2484,"never",1453,"version",15977,"grind",1513,"equation",596,"want",21945,"seem",2121,"another",15088,"year",6817,"remove",351,"spend",14371,"still",5240,"come",11161,"us",495,"day",567
"86","now",9971,"question",17598,"set",18989,"often",14303,"think",326,"often",341,"include",6491,"since",1812,"another",2390,"cause",4179,"really",966,"quand",3546,"test",15237,"crop",4075,"father",1395,"find",4619,"script",18498,"gradient",9003,"cable",1587,"see",956,"system",1707,"place",7940,"tell",4146,"unite",5247,"question",1992,"appear",929,"sure",3791,"reattach",181,"need",3786,"something",695,"situation",4183,"first",1631,"look",7285,"doesnt",331,"able",438,"clause",1149,"something",6658,"oil",1110,"since",2471,"quote",1440,"process",15781,"focus",1499,"compute",592,"infty",21767,"prove",2095,"part",14962,"fix",6764,"stack",349,"back",14235,"play",5186,"example",11040,"blue",489,"three",564
"87","mass",9862,"part",17476,"take",18841,"show",14183,"first",318,"probably",338,"allow",6427,"2",1801,"php",2369,"drink",4155,"come",949,"moins",3498,"platform",15120,"different",4045,"im",1379,"etwas",4561,"method",18362,"show",8931,"design",1577,"low",949,"thing",1690,"tell",7873,"believe",4121,"want",5219,"heat",1975,"general",921,"relationship",3757,"3",180,"part",3749,"significato",688,"though",4136,"however",1605,"require",7222,"need",328,"year",432,"context",1148,"fact",6610,"car",1102,"subject",2454,"god",1429,"sure",15606,"without",1491,"matrix",588,"leave",21585,"level",2076,"fast",14804,"fluid",6717,"leave",347,"ive",14117,"actor",5147,"people",10933,"little",487,"im",556
"88","material",9775,"enough",17346,"filter",18732,"point",14071,"private",311,"context",334,"command",6372,"form",1789,"link",2346,"mean",4118,"mean",943,"semble",3459,"still",15000,"answer",4015,"add",1370,"zum",4510,"image",18234,"colour",8877,"communication",1571,"3",942,"type",1680,"chapter",7805,"india",4085,"still",5178,"still",1965,"follow",915,"long",3725,"since",180,"become",3727,"co",684,"add",4085,"3",1578,"problem",7165,"book",321,"list",428,"pronunciation",1139,"year",6564,"another",1097,"often",2434,"love",1414,"url",15446,"throw",1475,"interaction",582,"note",21397,"topic",2060,"run",14639,"manual",6662,"reason",347,"offer",13993,"follow",4923,"effect",10829,"another",481,"describe",548
"89","want",9666,"conduit",17234,"now",18583,"understand",13930,"take",308,"el",333,"say",5848,"residence",1782,"take",2335,"different",4080,"always",939,"soit",3413,"around",14895,"growth",3983,"file",1365,"translation",4478,"option",18107,"easy",8789,"build",1563,"seem",931,"doctor",1668,"sin",7740,"veda",4042,"end",5143,"fermenter",1945,"get",911,"sometimes",3692,"even",179,"call",3698,"senso",681,"part",4062,"ive",1554,"shulchan",7115,"talk",320,"eg",425,"ablative",1133,"illegal",6515,"hard",1093,"speech",2416,"note",1404,"database",15323,"leave",1458,"symmetry",578,"number",21209,"reason",2033,"3",14476,"motor",6619,"show",344,"worth",13877,"lot",5065,"pickup",10719,"singer",480,"numb",547
"90","many",9589,"issue",17119,"10",18439,"try",13786,"something",303,"list",331,"check",6239,"car",1769,"control",2313,"however",4039,"build",936,"nous",3377,"question",14778,"spring",3947,"say",1350,"dann",4423,"license",17978,"people",8728,"contact",1551,"feature",928,"first",1657,"call",7680,"dharma",4013,"modern",5120,"seem",1926,"note",905,"away",3652,"security",178,"human",3659,"question",662,"another",4026,"core",1545,"custom",7053,"japanese",318,"ive",424,"will",1126,"software",6470,"im",1087,"list",2399,"us",1392,"core",15114,"stance",1446,"try",575,"group",21031,"research",2018,"element",14324,"gas",6574,"lot",341,"risk",13774,"doesnt",5017,"2",10625,"piece",476,"father",543
"91","small",9484,"right",17001,"datum",18315,"long",13668,"update",299,"ni",331,"however",5965,"law",1762,"output",2289,"set",4008,"provide",934,"verbe",3344,"keep",14679,"large",3915,"archive",1343,"make",4374,"seem",17824,"2",8660,"voltage",1543,"processor",921,"think",1650,"testament",7627,"thus",3981,"fight",5085,"read",1908,"object",891,"day",3615,"amount",176,"haram",3629,"io",656,"change",3976,"sure",1520,"issue",7014,"old",318,"foreign",418,"3",1097,"issue",6429,"knife",1081,"spanish",2385,"doesnt",1381,"take",14985,"answer",1433,"dynamic",567,"assume",20844,"test",1996,"form",14182,"filter",6526,"talk",334,"term",13679,"long",4979,"move",10515,"similar",474,"since",538
"92","molecular",9397,"air",16886,"little",18173,"either",13546,"1",297,"get",329,"problem",5914,"much",1745,"2",2276,"something",3970,"contractor",924,"like",3324,"screen",14575,"usually",3878,"event",1328,"something",4332,"youre",17675,"icon",8615,"case",1529,"mouse",918,"person",1640,"example",7570,"hence",3957,"consider",5055,"around",1895,"energy",885,"right",3594,"im",176,"however",3605,"su",652,"character",3948,"id",1513,"learn",6971,"syllable",317,"since",409,"often",1089,"someone",6392,"area",1072,"still",2366,"feel",1368,"think",14605,"feel",1420,"algorithm",559,"probability",20676,"eg",1985,"new",14050,"sensor",6487,"exchange",333,"still",13566,"original",4942,"bass",10424,"musician",472,"translation",537
"93","produce",9317,"thats",16765,"speed",18067,"ask",13434,"dapp",296,"iu",323,"take",6082,"back",1733,"structure",2251,"3",3939,"hourly",919,"choose",3288,"user",14465,"youre",3852,"surname",1318,"time",4286,"write",17528,"window",8561,"change",1518,"1",903,"two",1631,"three",7521,"place",3931,"political",5028,"store",1887,"study",879,"stop",3564,"index",175,"shia",3580,"parola",641,"call",3926,"default",1502,"understand",6919,"try",317,"japanese",407,"go",1081,"action",6358,"shoe",1063,"1",2346,"follow",1357,"rule",14203,"judo",1407,"charge",558,"consider",20536,"solve",1974,"start",13929,"sound",6429,"another",332,"purchase",13465,"release",4908,"write",10335,"link",466,"form",530
"94","possible",9234,"size",16659,"series",17959,"change",13333,"help",294,"take",322,"even",5837,"allow",1723,"now",2219,"many",3904,"lot",903,"france",3258,"probably",14368,"manure",3819,"start",1307,"context",4231,"change",17407,"first",8488,"connector",1504,"budget",894,"back",1612,"must",7468,"avatar",3907,"answer",5001,"starter",1875,"de",872,"many",3537,"long",174,"messenger",3551,"qui",636,"now",3900,"run",1491,"work",6883,"eat",310,"little",404,"mention",1077,"different",6315,"warm",1059,"sign",2333,"though",1354,"solution",14548,"attack",1402,"run",557,"write",20380,"start",1958,"evaluation",13823,"buy",6389,"isnt",330,"point",13157,"director",4877,"etc",10266,"live",464,"culture",527
"95","concentration",9161,"3",16554,"right",17851,"end",13238,"require",294,"form",320,"require",6004,"german",1714,"question",2196,"pain",3879,"answer",894,"usage",3228,"source",14255,"fall",3782,"individual",1297,"deutschen",4191,"available",17301,"shape",8437,"set",1490,"without",889,"still",1604,"source",7392,"without",3877,"different",4974,"even",1857,"since",870,"name",3514,"problem",174,"marriage",3528,"just",631,"become",3867,"think",1477,"end",6829,"much",310,"article",393,"note",1072,"base",6116,"first",1053,"child",2318,"base",1345,"user",13937,"knee",1395,"start",553,"limit",20236,"lot",1938,"generate",13708,"youre",6348,"chat",326,"2",13240,"change",4830,"sure",10182,"right",463,"include",525
"96","force",9084,"place",16472,"component",17730,"right",13154,"another",293,"book",315,"answer",5958,"address",1700,"say",2171,"fast",3847,"since",892,"dit",3175,"draw",14149,"something",3747,"program",1289,"learn",4146,"value",17202,"small",8377,"length",1484,"gpu",885,"usually",1592,"follow",7345,"child",3856,"france",4952,"amount",1842,"fact",863,"social",3487,"many",172,"marry",3512,"usare",629,"feel",3836,"allow",1465,"im",6779,"b",308,"child",391,"eg",1064,"file",6244,"case",1044,"similar",2310,"call",1336,"base",14273,"arm",1388,"type",546,"subset",20084,"university",1915,"x",13603,"plug",6296,"behavior",322,"check",13144,"wikipedia",4784,"able",10087,"include",455,"live",522
"97","pressure",8997,"leave",16359,"datasheet",17609,"read",13059,"resource",292,"da",314,"since",5909,"check",1689,"stash",2151,"first",3826,"without",885,"non",3159,"server",14055,"however",3726,"part",1278,"person",4122,"etc",17104,"doesnt",8314,"think",1476,"probably",881,"cell",1575,"shall",7285,"man",3824,"land",4908,"sanitize",1832,"look",856,"move",3461,"understand",169,"want",3486,"find",625,"place",3806,"name",1453,"want",6721,"honorific",307,"without",389,"rule",1054,"interest",6195,"away",1038,"native",2300,"become",1327,"ive",13686,"part",1368,"chemistry",544,"fx",19959,"look",1896,"define",13483,"give",6260,"back",320,"expense",13045,"example",4747,"question",9997,"back",448,"sea",520
"98","contain",8905,"long",16277,"noise",17486,"suggest",12930,"mean",288,"doesnt",314,"something",5856,"different",1678,"expressionengine",2130,"shoe",3801,"2",879,"anglais",3127,"without",13967,"sun",3701,"possible",1273,"seem",4088,"link",16976,"now",8260,"us",1464,"display",874,"medical",1561,"much",7238,"head",3792,"european",4882,"style",1818,"theorem",851,"avoid",3437,"algorithm",168,"among",3465,"quello",621,"name",3777,"edit",1438,"child",6676,"pronunciation",307,"target",387,"want",1040,"landlord",6147,"clothe",1032,"though",2285,"describe",1322,"help",13994,"force",1362,"datum",542,"even",19812,"little",1886,"go",13359,"however",6218,"game",317,"fee",12957,"another",4710,"3",9934,"musical",444,"long",514
"99","organic",8836,"say",16185,"require",17383,"clause",12843,"abi",284,"root",310,"current",5805,"application",1670,"check",2117,"problem",3776,"email",874,"t",3101,"come",13893,"type",3676,"seem",1262,"vor",4053,"able",16875,"document",8198,"allow",1450,"memory",868,"exercise",1557,"old",7190,"ask",3771,"fact",4853,"carboy",1805,"accord",845,"important",3401,"however",168,"view",3441,"ne",616,"actually",3749,"test",1427,"tell",6635,"often",302,"system",386,"esse",1030,"part",6115,"dry",1023,"process",2271,"still",1311,"via",13633,"year",1344,"study",541,"u",19645,"study",1877,"pattern",13228,"point",6174,"mean",317,"case",12854,"early",4670,"bite",9854,"end",436,"though",512
"100","large",8743,"around",16086,"dc",17254,"feel",12737,"write",281,"dictionary",307,"different",5750,"another",1660,"product",2094,"build",3743,"plan",869,"e",3070,"idea",13827,"place",3640,"show",1255,"rule",4014,"easy",16751,"software",8138,"isnt",1439,"must",866,"healthy",1547,"part",7148,"leave",3741,"thing",4827,"minute",1793,"consider",843,"life",3376,"sign",167,"abu",3412,"qualcosa",614,"talk",3721,"thing",1412,"try",6592,"another",300,"experience",382,"little",1034,"think",6081,"bottle",1014,"doesnt",2258,"around",1300,"script",13728,"situation",1330,"take",538,"theorem",19492,"method",1862,"system",13125,"two",6112,"important",315,"etc",12785,"become",4629,"new",9773,"instrument",432,"epic",507
